日期,日总发电量(亿kWh),火力占比(%),水力占比(%),核能占比(%),风力占比(%),太阳能占比(%),C_end(终端综合碳因子)
2024-01-01,241.1903225806452,69.56,9.52,4.66,12.1,4.16,0.653
2024-01-02,241.1903225806452,69.56,9.52,4.66,12.1,4.16,0.653
2024-01-03,241.1903225806452,69.56,9.52,4.66,12.1,4.16,0.653
2024-01-04,241.1903225806452,69.56,9.52,4.66,12.1,4.16,0.653
2024-01-05,241.1903225806452,69.56,9.52,4.66,12.1,4.16,0.653
2024-01-06,241.1903225806452,69.56,9.52,4.66,12.1,4.16,0.653
2024-01-07,241.1903225806452,69.56,9.52,4.66,12.1,4.16,0.653
2024-01-08,241.1903225806452,69.56,9.52,4.66,12.1,4.16,0.653
2024-01-09,241.1903225806452,69.56,9.52,4.66,12.1,4.16,0.653
2024-01-10,241.1903225806452,69.56,9.52,4.66,12.1,4.16,0.653
2024-01-11,241.1903225806452,69.56,9.52,4.66,12.1,4.16,0.653
2024-01-12,241.1903225806452,69.56,9.52,4.66,12.1,4.16,0.653
2024-01-13,241.1903225806452,69.56,9.52,4.66,12.1,4.16,0.653
2024-01-14,241.1903225806452,69.56,9.52,4.66,12.1,4.16,0.653
2024-01-15,241.1903225806452,69.56,9.52,4.66,12.1,4.16,0.653
2024-01-16,241.1903225806452,69.56,9.52,4.66,12.1,4.16,0.653
2024-01-17,241.1903225806452,69.56,9.52,4.66,12.1,4.16,0.653
2024-01-18,241.1903225806452,69.56,9.52,4.66,12.1,4.16,0.653
2024-01-19,241.1903225806452,69.56,9.52,4.66,12.1,4.16,0.653
2024-01-20,241.1903225806452,69.56,9.52,4.66,12.1,4.16,0.653
2024-01-21,241.1903225806452,69.56,9.52,4.66,12.1,4.16,0.653
2024-01-22,241.1903225806452,69.56,9.52,4.66,12.1,4.16,0.653
2024-01-23,241.1903225806452,69.56,9.52,4.66,12.1,4.16,0.653
2024-01-24,241.1903225806452,69.56,9.52,4.66,12.1,4.16,0.653
2024-01-25,241.1903225806452,69.56,9.52,4.66,12.1,4.16,0.653
2024-01-26,241.1903225806452,69.56,9.52,4.66,12.1,4.16,0.653
2024-01-27,241.1903225806452,69.56,9.52,4.66,12.1,4.16,0.653
2024-01-28,241.1903225806452,69.56,9.52,4.66,12.1,4.16,0.653
2024-01-29,241.1903225806452,69.56,9.52,4.66,12.1,4.16,0.653
2024-01-30,241.1903225806452,69.56,9.52,4.66,12.1,4.16,0.653
2024-01-31,241.1903225806452,69.56,9.52,4.66,12.1,4.16,0.653
2024-02-01,257.8241379310345,69.56,9.52,4.66,12.1,4.16,0.653
2024-02-02,257.8241379310345,69.56,9.52,4.66,12.1,4.16,0.653
2024-02-03,257.8241379310345,69.56,9.52,4.66,12.1,4.16,0.653
2024-02-04,257.8241379310345,69.56,9.52,4.66,12.1,4.16,0.653
2024-02-05,257.8241379310345,69.56,9.52,4.66,12.1,4.16,0.653
2024-02-06,257.8241379310345,69.56,9.52,4.66,12.1,4.16,0.653
2024-02-07,257.8241379310345,69.56,9.52,4.66,12.1,4.16,0.653
2024-02-08,257.8241379310345,69.56,9.52,4.66,12.1,4.16,0.653
2024-02-09,257.8241379310345,69.56,9.52,4.66,12.1,4.16,0.653
2024-02-10,257.8241379310345,69.56,9.52,4.66,12.1,4.16,0.653
2024-02-11,257.8241379310345,69.56,9.52,4.66,12.1,4.16,0.653
2024-02-12,257.8241379310345,69.56,9.52,4.66,12.1,4.16,0.653
2024-02-13,257.8241379310345,69.56,9.52,4.66,12.1,4.16,0.653
2024-02-14,257.8241379310345,69.56,9.52,4.66,12.1,4.16,0.653
2024-02-15,257.8241379310345,69.56,9.52,4.66,12.1,4.16,0.653
2024-02-16,257.8241379310345,69.56,9.52,4.66,12.1,4.16,0.653
2024-02-17,257.8241379310345,69.56,9.52,4.66,12.1,4.16,0.653
2024-02-18,257.8241379310345,69.56,9.52,4.66,12.1,4.16,0.653
2024-02-19,257.8241379310345,69.56,9.52,4.66,12.1,4.16,0.653
2024-02-20,257.8241379310345,69.56,9.52,4.66,12.1,4.16,0.653
2024-02-21,257.8241379310345,69.56,9.52,4.66,12.1,4.16,0.653
2024-02-22,257.8241379310345,69.56,9.52,4.66,12.1,4.16,0.653
2024-02-23,257.8241379310345,69.56,9.52,4.66,12.1,4.16,0.653
2024-02-24,257.8241379310345,69.56,9.52,4.66,12.1,4.16,0.653
2024-02-25,257.8241379310345,69.56,9.52,4.66,12.1,4.16,0.653
2024-02-26,257.8241379310345,69.56,9.52,4.66,12.1,4.16,0.653
2024-02-27,257.8241379310345,69.56,9.52,4.66,12.1,4.16,0.653
2024-02-28,257.8241379310345,69.56,9.52,4.66,12.1,4.16,0.653
2024-02-29,257.8241379310345,69.56,9.52,4.66,12.1,4.16,0.653
2024-03-01,241.1903225806452,69.56,9.52,4.66,12.1,4.16,0.653
2024-03-02,241.1903225806452,69.56,9.52,4.66,12.1,4.16,0.653
2024-03-03,241.1903225806452,69.56,9.52,4.66,12.1,4.16,0.653
2024-03-04,241.1903225806452,69.56,9.52,4.66,12.1,4.16,0.653
2024-03-05,241.1903225806452,69.56,9.52,4.66,12.1,4.16,0.653
2024-03-06,241.1903225806452,69.56,9.52,4.66,12.1,4.16,0.653
2024-03-07,241.1903225806452,69.56,9.52,4.66,12.1,4.16,0.653
2024-03-08,241.1903225806452,69.56,9.52,4.66,12.1,4.16,0.653
2024-03-09,241.1903225806452,69.56,9.52,4.66,12.1,4.16,0.653
2024-03-10,241.1903225806452,69.56,9.52,4.66,12.1,4.16,0.653
2024-03-11,241.1903225806452,69.56,9.52,4.66,12.1,4.16,0.653
2024-03-12,241.1903225806452,69.56,9.52,4.66,12.1,4.16,0.653
2024-03-13,241.1903225806452,69.56,9.52,4.66,12.1,4.16,0.653
2024-03-14,241.1903225806452,69.56,9.52,4.66,12.1,4.16,0.653
2024-03-15,241.1903225806452,69.56,9.52,4.66,12.1,4.16,0.653
2024-03-16,241.1903225806452,69.56,9.52,4.66,12.1,4.16,0.653
2024-03-17,241.1903225806452,69.56,9.52,4.66,12.1,4.16,0.653
2024-03-18,241.1903225806452,69.56,9.52,4.66,12.1,4.16,0.653
2024-03-19,241.1903225806452,69.56,9.52,4.66,12.1,4.16,0.653
2024-03-20,241.1903225806452,69.56,9.52,4.66,12.1,4.16,0.653
2024-03-21,241.1903225806452,69.56,9.52,4.66,12.1,4.16,0.653
2024-03-22,241.1903225806452,69.56,9.52,4.66,12.1,4.16,0.653
2024-03-23,241.1903225806452,69.56,9.52,4.66,12.1,4.16,0.653
2024-03-24,241.1903225806452,69.56,9.52,4.66,12.1,4.16,0.653
2024-03-25,241.1903225806452,69.56,9.52,4.66,12.1,4.16,0.653
2024-03-26,241.1903225806452,69.56,9.52,4.66,12.1,4.16,0.653
2024-03-27,241.1903225806452,69.56,9.52,4.66,12.1,4.16,0.653
2024-03-28,241.1903225806452,69.56,9.52,4.66,12.1,4.16,0.653
2024-03-29,241.1903225806452,69.56,9.52,4.66,12.1,4.16,0.653
2024-03-30,241.1903225806452,69.56,9.52,4.66,12.1,4.16,0.653
2024-03-31,241.1903225806452,69.56,9.52,4.66,12.1,4.16,0.653
2024-04-01,230.02666666666667,66.35,12.1,5.3,11.7,4.55,0.6249
2024-04-02,230.02666666666667,66.35,12.1,5.3,11.7,4.55,0.6249
2024-04-03,230.02666666666667,66.35,12.1,5.3,11.7,4.55,0.6249
2024-04-04,230.02666666666667,66.35,12.1,5.3,11.7,4.55,0.6249
2024-04-05,230.02666666666667,66.35,12.1,5.3,11.7,4.55,0.6249
2024-04-06,230.02666666666667,66.35,12.1,5.3,11.7,4.55,0.6249
2024-04-07,230.02666666666667,66.35,12.1,5.3,11.7,4.55,0.6249
2024-04-08,230.02666666666667,66.35,12.1,5.3,11.7,4.55,0.6249
2024-04-09,230.02666666666667,66.35,12.1,5.3,11.7,4.55,0.6249
2024-04-10,230.02666666666667,66.35,12.1,5.3,11.7,4.55,0.6249
2024-04-11,230.02666666666667,66.35,12.1,5.3,11.7,4.55,0.6249
2024-04-12,230.02666666666667,66.35,12.1,5.3,11.7,4.55,0.6249
2024-04-13,230.02666666666667,66.35,12.1,5.3,11.7,4.55,0.6249
2024-04-14,230.02666666666667,66.35,12.1,5.3,11.7,4.55,0.6249
2024-04-15,230.02666666666667,66.35,12.1,5.3,11.7,4.55,0.6249
2024-04-16,230.02666666666667,66.35,12.1,5.3,11.7,4.55,0.6249
2024-04-17,230.02666666666667,66.35,12.1,5.3,11.7,4.55,0.6249
2024-04-18,230.02666666666667,66.35,12.1,5.3,11.7,4.55,0.6249
2024-04-19,230.02666666666667,66.35,12.1,5.3,11.7,4.55,0.6249
2024-04-20,230.02666666666667,66.35,12.1,5.3,11.7,4.55,0.6249
2024-04-21,230.02666666666667,66.35,12.1,5.3,11.7,4.55,0.6249
2024-04-22,230.02666666666667,66.35,12.1,5.3,11.7,4.55,0.6249
2024-04-23,230.02666666666667,66.35,12.1,5.3,11.7,4.55,0.6249
2024-04-24,230.02666666666667,66.35,12.1,5.3,11.7,4.55,0.6249
2024-04-25,230.02666666666667,66.35,12.1,5.3,11.7,4.55,0.6249
2024-04-26,230.02666666666667,66.35,12.1,5.3,11.7,4.55,0.6249
2024-04-27,230.02666666666667,66.35,12.1,5.3,11.7,4.55,0.6249
2024-04-28,230.02666666666667,66.35,12.1,5.3,11.7,4.55,0.6249
2024-04-29,230.02666666666667,66.35,12.1,5.3,11.7,4.55,0.6249
2024-04-30,230.02666666666667,66.35,12.1,5.3,11.7,4.55,0.6249
2024-05-01,231.56774193548384,63.22,16.02,5.02,10.75,5.0,0.5976
2024-05-02,231.56774193548384,63.22,16.02,5.02,10.75,5.0,0.5976
2024-05-03,231.56774193548384,63.22,16.02,5.02,10.75,5.0,0.5976
2024-05-04,231.56774193548384,63.22,16.02,5.02,10.75,5.0,0.5976
2024-05-05,231.56774193548384,63.22,16.02,5.02,10.75,5.0,0.5976
2024-05-06,231.56774193548384,63.22,16.02,5.02,10.75,5.0,0.5976
2024-05-07,231.56774193548384,63.22,16.02,5.02,10.75,5.0,0.5976
2024-05-08,231.56774193548384,63.22,16.02,5.02,10.75,5.0,0.5976
2024-05-09,231.56774193548384,63.22,16.02,5.02,10.75,5.0,0.5976
2024-05-10,231.56774193548384,63.22,16.02,5.02,10.75,5.0,0.5976
2024-05-11,231.56774193548384,63.22,16.02,5.02,10.75,5.0,0.5976
2024-05-12,231.56774193548384,63.22,16.02,5.02,10.75,5.0,0.5976
2024-05-13,231.56774193548384,63.22,16.02,5.02,10.75,5.0,0.5976
2024-05-14,231.56774193548384,63.22,16.02,5.02,10.75,5.0,0.5976
2024-05-15,231.56774193548384,63.22,16.02,5.02,10.75,5.0,0.5976
2024-05-16,231.56774193548384,63.22,16.02,5.02,10.75,5.0,0.5976
2024-05-17,231.56774193548384,63.22,16.02,5.02,10.75,5.0,0.5976
2024-05-18,231.56774193548384,63.22,16.02,5.02,10.75,5.0,0.5976
2024-05-19,231.56774193548384,63.22,16.02,5.02,10.75,5.0,0.5976
2024-05-20,231.56774193548384,63.22,16.02,5.02,10.75,5.0,0.5976
2024-05-21,231.56774193548384,63.22,16.02,5.02,10.75,5.0,0.5976
2024-05-22,231.56774193548384,63.22,16.02,5.02,10.75,5.0,0.5976
2024-05-23,231.56774193548384,63.22,16.02,5.02,10.75,5.0,0.5976
2024-05-24,231.56774193548384,63.22,16.02,5.02,10.75,5.0,0.5976
2024-05-25,231.56774193548384,63.22,16.02,5.02,10.75,5.0,0.5976
2024-05-26,231.56774193548384,63.22,16.02,5.02,10.75,5.0,0.5976
2024-05-27,231.56774193548384,63.22,16.02,5.02,10.75,5.0,0.5976
2024-05-28,231.56774193548384,63.22,16.02,5.02,10.75,5.0,0.5976
2024-05-29,231.56774193548384,63.22,16.02,5.02,10.75,5.0,0.5976
2024-05-30,231.56774193548384,63.22,16.02,5.02,10.75,5.0,0.5976
2024-05-31,231.56774193548384,63.22,16.02,5.02,10.75,5.0,0.5976
2024-06-01,256.17,63.37,18.71,4.64,8.7,4.58,0.5984
2024-06-02,256.17,63.37,18.71,4.64,8.7,4.58,0.5984
2024-06-03,256.17,63.37,18.71,4.64,8.7,4.58,0.5984
2024-06-04,256.17,63.37,18.71,4.64,8.7,4.58,0.5984
2024-06-05,256.17,63.37,18.71,4.64,8.7,4.58,0.5984
2024-06-06,256.17,63.37,18.71,4.64,8.7,4.58,0.5984
2024-06-07,256.17,63.37,18.71,4.64,8.7,4.58,0.5984
2024-06-08,256.17,63.37,18.71,4.64,8.7,4.58,0.5984
2024-06-09,256.17,63.37,18.71,4.64,8.7,4.58,0.5984
2024-06-10,256.17,63.37,18.71,4.64,8.7,4.58,0.5984
2024-06-11,256.17,63.37,18.71,4.64,8.7,4.58,0.5984
2024-06-12,256.17,63.37,18.71,4.64,8.7,4.58,0.5984
2024-06-13,256.17,63.37,18.71,4.64,8.7,4.58,0.5984
2024-06-14,256.17,63.37,18.71,4.64,8.7,4.58,0.5984
2024-06-15,256.17,63.37,18.71,4.64,8.7,4.58,0.5984
2024-06-16,256.17,63.37,18.71,4.64,8.7,4.58,0.5984
2024-06-17,256.17,63.37,18.71,4.64,8.7,4.58,0.5984
2024-06-18,256.17,63.37,18.71,4.64,8.7,4.58,0.5984
2024-06-19,256.17,63.37,18.71,4.64,8.7,4.58,0.5984
2024-06-20,256.17,63.37,18.71,4.64,8.7,4.58,0.5984
2024-06-21,256.17,63.37,18.71,4.64,8.7,4.58,0.5984
2024-06-22,256.17,63.37,18.71,4.64,8.7,4.58,0.5984
2024-06-23,256.17,63.37,18.71,4.64,8.7,4.58,0.5984
2024-06-24,256.17,63.37,18.71,4.64,8.7,4.58,0.5984
2024-06-25,256.17,63.37,18.71,4.64,8.7,4.58,0.5984
2024-06-26,256.17,63.37,18.71,4.64,8.7,4.58,0.5984
2024-06-27,256.17,63.37,18.71,4.64,8.7,4.58,0.5984
2024-06-28,256.17,63.37,18.71,4.64,8.7,4.58,0.5984
2024-06-29,256.17,63.37,18.71,4.64,8.7,4.58,0.5984
2024-06-30,256.17,63.37,18.71,4.64,8.7,4.58,0.5984
2024-07-01,284.8709677419355,65.1,18.85,4.49,7.48,4.07,0.6131
2024-07-02,284.8709677419355,65.1,18.85,4.49,7.48,4.07,0.6131
2024-07-03,284.8709677419355,65.1,18.85,4.49,7.48,4.07,0.6131
2024-07-04,284.8709677419355,65.1,18.85,4.49,7.48,4.07,0.6131
2024-07-05,284.8709677419355,65.1,18.85,4.49,7.48,4.07,0.6131
2024-07-06,284.8709677419355,65.1,18.85,4.49,7.48,4.07,0.6131
2024-07-07,284.8709677419355,65.1,18.85,4.49,7.48,4.07,0.6131
2024-07-08,284.8709677419355,65.1,18.85,4.49,7.48,4.07,0.6131
2024-07-09,284.8709677419355,65.1,18.85,4.49,7.48,4.07,0.6131
2024-07-10,284.8709677419355,65.1,18.85,4.49,7.48,4.07,0.6131
2024-07-11,284.8709677419355,65.1,18.85,4.49,7.48,4.07,0.6131
2024-07-12,284.8709677419355,65.1,18.85,4.49,7.48,4.07,0.6131
2024-07-13,284.8709677419355,65.1,18.85,4.49,7.48,4.07,0.6131
2024-07-14,284.8709677419355,65.1,18.85,4.49,7.48,4.07,0.6131
2024-07-15,284.8709677419355,65.1,18.85,4.49,7.48,4.07,0.6131
2024-07-16,284.8709677419355,65.1,18.85,4.49,7.48,4.07,0.6131
2024-07-17,284.8709677419355,65.1,18.85,4.49,7.48,4.07,0.6131
2024-07-18,284.8709677419355,65.1,18.85,4.49,7.48,4.07,0.6131
2024-07-19,284.8709677419355,65.1,18.85,4.49,7.48,4.07,0.6131
2024-07-20,284.8709677419355,65.1,18.85,4.49,7.48,4.07,0.6131
2024-07-21,284.8709677419355,65.1,18.85,4.49,7.48,4.07,0.6131
2024-07-22,284.8709677419355,65.1,18.85,4.49,7.48,4.07,0.6131
2024-07-23,284.8709677419355,65.1,18.85,4.49,7.48,4.07,0.6131
2024-07-24,284.8709677419355,65.1,18.85,4.49,7.48,4.07,0.6131
2024-07-25,284.8709677419355,65.1,18.85,4.49,7.48,4.07,0.6131
2024-07-26,284.8709677419355,65.1,18.85,4.49,7.48,4.07,0.6131
2024-07-27,284.8709677419355,65.1,18.85,4.49,7.48,4.07,0.6131
2024-07-28,284.8709677419355,65.1,18.85,4.49,7.48,4.07,0.6131
2024-07-29,284.8709677419355,65.1,18.85,4.49,7.48,4.07,0.6131
2024-07-30,284.8709677419355,65.1,18.85,4.49,7.48,4.07,0.6131
2024-07-31,284.8709677419355,65.1,18.85,4.49,7.48,4.07,0.6131
2024-08-01,292.71290322580643,67.76,18.02,4.43,5.54,4.25,0.636
2024-08-02,292.71290322580643,67.76,18.02,4.43,5.54,4.25,0.636
2024-08-03,292.71290322580643,67.76,18.02,4.43,5.54,4.25,0.636
2024-08-04,292.71290322580643,67.76,18.02,4.43,5.54,4.25,0.636
2024-08-05,292.71290322580643,67.76,18.02,4.43,5.54,4.25,0.636
2024-08-06,292.71290322580643,67.76,18.02,4.43,5.54,4.25,0.636
2024-08-07,292.71290322580643,67.76,18.02,4.43,5.54,4.25,0.636
2024-08-08,292.71290322580643,67.76,18.02,4.43,5.54,4.25,0.636
2024-08-09,292.71290322580643,67.76,18.02,4.43,5.54,4.25,0.636
2024-08-10,292.71290322580643,67.76,18.02,4.43,5.54,4.25,0.636
2024-08-11,292.71290322580643,67.76,18.02,4.43,5.54,4.25,0.636
2024-08-12,292.71290322580643,67.76,18.02,4.43,5.54,4.25,0.636
2024-08-13,292.71290322580643,67.76,18.02,4.43,5.54,4.25,0.636
2024-08-14,292.71290322580643,67.76,18.02,4.43,5.54,4.25,0.636
2024-08-15,292.71290322580643,67.76,18.02,4.43,5.54,4.25,0.636
2024-08-16,292.71290322580643,67.76,18.02,4.43,5.54,4.25,0.636
2024-08-17,292.71290322580643,67.76,18.02,4.43,5.54,4.25,0.636
2024-08-18,292.71290322580643,67.76,18.02,4.43,5.54,4.25,0.636
2024-08-19,292.71290322580643,67.76,18.02,4.43,5.54,4.25,0.636
2024-08-20,292.71290322580643,67.76,18.02,4.43,5.54,4.25,0.636
2024-08-21,292.71290322580643,67.76,18.02,4.43,5.54,4.25,0.636
2024-08-22,292.71290322580643,67.76,18.02,4.43,5.54,4.25,0.636
2024-08-23,292.71290322580643,67.76,18.02,4.43,5.54,4.25,0.636
2024-08-24,292.71290322580643,67.76,18.02,4.43,5.54,4.25,0.636
2024-08-25,292.71290322580643,67.76,18.02,4.43,5.54,4.25,0.636
2024-08-26,292.71290322580643,67.76,18.02,4.43,5.54,4.25,0.636
2024-08-27,292.71290322580643,67.76,18.02,4.43,5.54,4.25,0.636
2024-08-28,292.71290322580643,67.76,18.02,4.43,5.54,4.25,0.636
2024-08-29,292.71290322580643,67.76,18.02,4.43,5.54,4.25,0.636
2024-08-30,292.71290322580643,67.76,18.02,4.43,5.54,4.25,0.636
2024-08-31,292.71290322580643,67.76,18.02,4.43,5.54,4.25,0.636
2024-09-01,267.45,67.94,14.95,4.43,8.65,4.03,0.6381
2024-09-02,267.45,67.94,14.95,4.43,8.65,4.03,0.6381
2024-09-03,267.45,67.94,14.95,4.43,8.65,4.03,0.6381
2024-09-04,267.45,67.94,14.95,4.43,8.65,4.03,0.6381
2024-09-05,267.45,67.94,14.95,4.43,8.65,4.03,0.6381
2024-09-06,267.45,67.94,14.95,4.43,8.65,4.03,0.6381
2024-09-07,267.45,67.94,14.95,4.43,8.65,4.03,0.6381
2024-09-08,267.45,67.94,14.95,4.43,8.65,4.03,0.6381
2024-09-09,267.45,67.94,14.95,4.43,8.65,4.03,0.6381
2024-09-10,267.45,67.94,14.95,4.43,8.65,4.03,0.6381
2024-09-11,267.45,67.94,14.95,4.43,8.65,4.03,0.6381
2024-09-12,267.45,67.94,14.95,4.43,8.65,4.03,0.6381
2024-09-13,267.45,67.94,14.95,4.43,8.65,4.03,0.6381
2024-09-14,267.45,67.94,14.95,4.43,8.65,4.03,0.6381
2024-09-15,267.45,67.94,14.95,4.43,8.65,4.03,0.6381
2024-09-16,267.45,67.94,14.95,4.43,8.65,4.03,0.6381
2024-09-17,267.45,67.94,14.95,4.43,8.65,4.03,0.6381
2024-09-18,267.45,67.94,14.95,4.43,8.65,4.03,0.6381
2024-09-19,267.45,67.94,14.95,4.43,8.65,4.03,0.6381
2024-09-20,267.45,67.94,14.95,4.43,8.65,4.03,0.6381
2024-09-21,267.45,67.94,14.95,4.43,8.65,4.03,0.6381
2024-09-22,267.45,67.94,14.95,4.43,8.65,4.03,0.6381
2024-09-23,267.45,67.94,14.95,4.43,8.65,4.03,0.6381
2024-09-24,267.45,67.94,14.95,4.43,8.65,4.03,0.6381
2024-09-25,267.45,67.94,14.95,4.43,8.65,4.03,0.6381
2024-09-26,267.45,67.94,14.95,4.43,8.65,4.03,0.6381
2024-09-27,267.45,67.94,14.95,4.43,8.65,4.03,0.6381
2024-09-28,267.45,67.94,14.95,4.43,8.65,4.03,0.6381
2024-09-29,267.45,67.94,14.95,4.43,8.65,4.03,0.6381
2024-09-30,267.45,67.94,14.95,4.43,8.65,4.03,0.6381
2024-10-01,235.80645161290323,65.26,14.35,5.02,10.94,4.42,0.6152
2024-10-02,235.80645161290323,65.26,14.35,5.02,10.94,4.42,0.6152
2024-10-03,235.80645161290323,65.26,14.35,5.02,10.94,4.42,0.6152
2024-10-04,235.80645161290323,65.26,14.35,5.02,10.94,4.42,0.6152
2024-10-05,235.80645161290323,65.26,14.35,5.02,10.94,4.42,0.6152
2024-10-06,235.80645161290323,65.26,14.35,5.02,10.94,4.42,0.6152
2024-10-07,235.80645161290323,65.26,14.35,5.02,10.94,4.42,0.6152
2024-10-08,235.80645161290323,65.26,14.35,5.02,10.94,4.42,0.6152
2024-10-09,235.80645161290323,65.26,14.35,5.02,10.94,4.42,0.6152
2024-10-10,235.80645161290323,65.26,14.35,5.02,10.94,4.42,0.6152
2024-10-11,235.80645161290323,65.26,14.35,5.02,10.94,4.42,0.6152
2024-10-12,235.80645161290323,65.26,14.35,5.02,10.94,4.42,0.6152
2024-10-13,235.80645161290323,65.26,14.35,5.02,10.94,4.42,0.6152
2024-10-14,235.80645161290323,65.26,14.35,5.02,10.94,4.42,0.6152
2024-10-15,235.80645161290323,65.26,14.35,5.02,10.94,4.42,0.6152
2024-10-16,235.80645161290323,65.26,14.35,5.02,10.94,4.42,0.6152
2024-10-17,235.80645161290323,65.26,14.35,5.02,10.94,4.42,0.6152
2024-10-18,235.80645161290323,65.26,14.35,5.02,10.94,4.42,0.6152
2024-10-19,235.80645161290323,65.26,14.35,5.02,10.94,4.42,0.6152
2024-10-20,235.80645161290323,65.26,14.35,5.02,10.94,4.42,0.6152
2024-10-21,235.80645161290323,65.26,14.35,5.02,10.94,4.42,0.6152
2024-10-22,235.80645161290323,65.26,14.35,5.02,10.94,4.42,0.6152
2024-10-23,235.80645161290323,65.26,14.35,5.02,10.94,4.42,0.6152
2024-10-24,235.80645161290323,65.26,14.35,5.02,10.94,4.42,0.6152
2024-10-25,235.80645161290323,65.26,14.35,5.02,10.94,4.42,0.6152
2024-10-26,235.80645161290323,65.26,14.35,5.02,10.94,4.42,0.6152
2024-10-27,235.80645161290323,65.26,14.35,5.02,10.94,4.42,0.6152
2024-10-28,235.80645161290323,65.26,14.35,5.02,10.94,4.42,0.6152
2024-10-29,235.80645161290323,65.26,14.35,5.02,10.94,4.42,0.6152
2024-10-30,235.80645161290323,65.26,14.35,5.02,10.94,4.42,0.6152
2024-10-31,235.80645161290323,65.26,14.35,5.02,10.94,4.42,0.6152
2024-11-01,249.83666666666664,69.04,10.98,5.01,10.99,3.98,0.6481
2024-11-02,249.83666666666664,69.04,10.98,5.01,10.99,3.98,0.6481
2024-11-03,249.83666666666664,69.04,10.98,5.01,10.99,3.98,0.6481
2024-11-04,249.83666666666664,69.04,10.98,5.01,10.99,3.98,0.6481
2024-11-05,249.83666666666664,69.04,10.98,5.01,10.99,3.98,0.6481
2024-11-06,249.83666666666664,69.04,10.98,5.01,10.99,3.98,0.6481
2024-11-07,249.83666666666664,69.04,10.98,5.01,10.99,3.98,0.6481
2024-11-08,249.83666666666664,69.04,10.98,5.01,10.99,3.98,0.6481
2024-11-09,249.83666666666664,69.04,10.98,5.01,10.99,3.98,0.6481
2024-11-10,249.83666666666664,69.04,10.98,5.01,10.99,3.98,0.6481
2024-11-11,249.83666666666664,69.04,10.98,5.01,10.99,3.98,0.6481
2024-11-12,249.83666666666664,69.04,10.98,5.01,10.99,3.98,0.6481
2024-11-13,249.83666666666664,69.04,10.98,5.01,10.99,3.98,0.6481
2024-11-14,249.83666666666664,69.04,10.98,5.01,10.99,3.98,0.6481
2024-11-15,249.83666666666664,69.04,10.98,5.01,10.99,3.98,0.6481
2024-11-16,249.83666666666664,69.04,10.98,5.01,10.99,3.98,0.6481
2024-11-17,249.83666666666664,69.04,10.98,5.01,10.99,3.98,0.6481
2024-11-18,249.83666666666664,69.04,10.98,5.01,10.99,3.98,0.6481
2024-11-19,249.83666666666664,69.04,10.98,5.01,10.99,3.98,0.6481
2024-11-20,249.83666666666664,69.04,10.98,5.01,10.99,3.98,0.6481
2024-11-21,249.83666666666664,69.04,10.98,5.01,10.99,3.98,0.6481
2024-11-22,249.83666666666664,69.04,10.98,5.01,10.99,3.98,0.6481
2024-11-23,249.83666666666664,69.04,10.98,5.01,10.99,3.98,0.6481
2024-11-24,249.83666666666664,69.04,10.98,5.01,10.99,3.98,0.6481
2024-11-25,249.83666666666664,69.04,10.98,5.01,10.99,3.98,0.6481
2024-11-26,249.83666666666664,69.04,10.98,5.01,10.99,3.98,0.6481
2024-11-27,249.83666666666664,69.04,10.98,5.01,10.99,3.98,0.6481
2024-11-28,249.83666666666664,69.04,10.98,5.01,10.99,3.98,0.6481
2024-11-29,249.83666666666664,69.04,10.98,5.01,10.99,3.98,0.6481
2024-11-30,249.83666666666664,69.04,10.98,5.01,10.99,3.98,0.6481
2024-12-01,272.98064516129034,70.61,9.78,5.01,10.88,3.73,0.6617
2024-12-02,272.98064516129034,70.61,9.78,5.01,10.88,3.73,0.6617
2024-12-03,272.98064516129034,70.61,9.78,5.01,10.88,3.73,0.6617
2024-12-04,272.98064516129034,70.61,9.78,5.01,10.88,3.73,0.6617
2024-12-05,272.98064516129034,70.61,9.78,5.01,10.88,3.73,0.6617
2024-12-06,272.98064516129034,70.61,9.78,5.01,10.88,3.73,0.6617
2024-12-07,272.98064516129034,70.61,9.78,5.01,10.88,3.73,0.6617
2024-12-08,272.98064516129034,70.61,9.78,5.01,10.88,3.73,0.6617
2024-12-09,272.98064516129034,70.61,9.78,5.01,10.88,3.73,0.6617
2024-12-10,272.98064516129034,70.61,9.78,5.01,10.88,3.73,0.6617
2024-12-11,272.98064516129034,70.61,9.78,5.01,10.88,3.73,0.6617
2024-12-12,272.98064516129034,70.61,9.78,5.01,10.88,3.73,0.6617
2024-12-13,272.98064516129034,70.61,9.78,5.01,10.88,3.73,0.6617
2024-12-14,272.98064516129034,70.61,9.78,5.01,10.88,3.73,0.6617
2024-12-15,272.98064516129034,70.61,9.78,5.01,10.88,3.73,0.6617
2024-12-16,272.98064516129034,70.61,9.78,5.01,10.88,3.73,0.6617
2024-12-17,272.98064516129034,70.61,9.78,5.01,10.88,3.73,0.6617
2024-12-18,272.98064516129034,70.61,9.78,5.01,10.88,3.73,0.6617
2024-12-19,272.98064516129034,70.61,9.78,5.01,10.88,3.73,0.6617
2024-12-20,272.98064516129034,70.61,9.78,5.01,10.88,3.73,0.6617
2024-12-21,272.98064516129034,70.61,9.78,5.01,10.88,3.73,0.6617
2024-12-22,272.98064516129034,70.61,9.78,5.01,10.88,3.73,0.6617
2024-12-23,272.98064516129034,70.61,9.78,5.01,10.88,3.73,0.6617
2024-12-24,272.98064516129034,70.61,9.78,5.01,10.88,3.73,0.6617
2024-12-25,272.98064516129034,70.61,9.78,5.01,10.88,3.73,0.6617
2024-12-26,272.98064516129034,70.61,9.78,5.01,10.88,3.73,0.6617
2024-12-27,272.98064516129034,70.61,9.78,5.01,10.88,3.73,0.6617
2024-12-28,272.98064516129034,70.61,9.78,5.01,10.88,3.73,0.6617
2024-12-29,272.98064516129034,70.61,9.78,5.01,10.88,3.73,0.6617
2024-12-30,272.98064516129034,70.61,9.78,5.01,10.88,3.73,0.6617
2024-12-31,272.98064516129034,70.61,9.78,5.01,10.88,3.73,0.6617
